,seq_RSA-accpro,seq_RSA-accpro20,seq_SS-sspro,seq_SS-sspro8,seq_TM-tmhmm,seq_bulkiness-window5-biop,seq_kd_hydrophobicity-window7-biop,seq_predicted_carbonylated-carspred,seq_residue,seq_resnum
0,e,85,C,C,I,inf,inf,"(False, 0.0)",M,1
1,e,55,C,C,I,inf,inf,"(False, 0.0)",R,2
2,e,50,C,C,I,13.604,inf,"(False, 0.0)",S,3
3,e,55,C,E,I,14.634,-0.9571428571428572,"(False, 0.0)",E,4
4,e,50,E,E,I,13.672,-1.2857142857142858,"(False, 0.0)",Q,5
5,-,20,E,E,I,12.458,-0.7571428571428572,"(False, 0.0)",I,6
6,e,50,C,C,I,11.638,-0.7571428571428571,"(False, 0.0)",S,7
7,e,50,C,C,I,10.642,0.2857142857142857,"(False, 0.0)",G,8
8,e,45,C,C,I,10.642,0.2857142857142857,"(False, 0.0)",S,9
9,e,45,C,C,I,11.312,-0.5857142857142857,"(False, 0.0)",S,10
10,e,30,C,C,I,14.118,-0.5857142857142857,"(False, 0.0)",L,11
11,e,45,C,C,I,14.118,-0.17142857142857146,"(False, 0.0)",N,12
12,e,45,C,T,I,14.916,-0.7000000000000001,"(False, 0.0)",P,13
13,e,45,C,C,I,13.492,-0.18571428571428578,"(False, 0.0)",S,14
14,-,10,C,C,I,14.888,-0.8428571428571429,"(False, 0.0)",C,15
15,e,45,C,E,I,13.296000000000001,-0.4571428571428572,"(False, 0.0)",R,16
16,-,15,E,E,I,13.296000000000001,0.0285714285714286,"(False, 0.0)",F,17
17,e,35,C,E,I,12.904000000000002,-0.04285714285714293,"(False, 0.0)",S,18
18,e,45,C,E,I,13.654,-0.5142857142857142,"(False, 0.0)",S,19
19,e,45,C,T,I,11.588,-0.10000000000000006,"(False, 0.0)",A,20
20,e,30,C,C,I,13.180000000000001,0.09999999999999999,"(False, 0.0)",Y,21
21,e,35,C,C,I,15.6,0.11428571428571423,"(False, 0.0)",S,22
22,e,50,C,H,I,16.454,-0.41428571428571426,"(False, 0.0)",P,23
23,e,35,C,H,I,15.704000000000002,-1.1714285714285713,"(False, 0.0)",V,24
24,e,45,C,H,I,16.7,-1.6285714285714283,"(False, 0.0)",T,25
25,e,50,H,H,I,16.07,-2.0714285714285716,"(False, 0.0)",R,26
26,e,45,C,H,I,14.898,-2.3428571428571425,"(False, 0.0)",Q,27
27,e,45,H,H,I,14.080000000000002,-2.6714285714285713,"(False, 0.0)",R,28
28,e,60,H,H,I,14.474,-2.685714285714286,"(False, 0.0)",K,29
29,e,55,H,H,I,13.478,-2.685714285714286,"(False, 0.0)",D,30
30,e,45,C,H,I,13.478,inf,"(False, 0.0)",M,31
31,e,70,C,C,I,inf,inf,"(False, 0.0)",S,32
32,e,95,C,C,I,inf,inf,"(False, 0.0)",R,33
