,seq_RSA-accpro,seq_RSA-accpro20,seq_SS-sspro,seq_SS-sspro8,seq_TM-tmhmm,seq_bulkiness-window5-biop,seq_kd_hydrophobicity-window7-biop,seq_residue,seq_resnum
0,e,80,C,C,I,inf,inf,M,1
1,e,65,C,C,I,inf,inf,K,2
2,e,40,E,E,I,16.3,inf,H,3
3,-,10,E,E,I,17.330000000000002,-0.5999999999999999,I,4
4,e,35,E,E,I,17.044,-1.3714285714285717,Q,5
5,-,10,E,E,I,16.869999999999997,-0.9285714285714286,I,6
6,e,35,E,E,I,14.484,-0.9714285714285714,R,7
7,e,35,C,C,I,13.930000000000001,-1.342857142857143,N,8
8,e,40,C,S,I,12.9,-1.342857142857143,S,9
9,e,45,C,C,I,12.379999999999999,-2.1142857142857143,D,10
10,-,20,C,H,I,14.15,-1.9285714285714286,M,11
11,e,35,C,H,I,14.994,-0.7857142857142857,D,12
12,-,15,H,H,I,16.938,-0.41428571428571426,W,13
13,-,25,H,H,I,15.988,0.3428571428571428,H,14
14,-,5,H,H,I,15.951999999999998,-0.42857142857142855,I,15
15,-,5,H,H,I,14.181999999999999,-0.4285714285714288,A,16
16,-,10,H,H,I,14.008,0.24285714285714283,A,17
17,e,50,H,H,I,14.008,0.6428571428571427,N,18
18,e,55,C,T,I,12.388,inf,N,19
19,e,45,C,C,I,inf,inf,L,20
20,e,95,C,C,I,inf,inf,G,21
